onset	duration	trial	value	left_stim_frequency	left_stim_phase	right_stim_frequency	right_stim_phase
1030	3	1	1	8	0	8	0
5119	3	2	2	9	0.25	9	0.25
9192	3	3	3	10	0.5	10	0.5
13262	3	4	4	11	0.75	11	0.75
17337	3	5	5	12	1	12	1
21408	3	6	6	13	1.25	13	1.25
25483	3	7	7	14	1.5	14	1.5
29554	3	8	8	15	1.75	15	1.75
33628	3	9	1	8	0	8	0
37701	3	10	2	9	0.25	9	0.25
41777	3	11	3	10	0.5	10	0.5
45850	3	12	4	11	0.75	11	0.75
49919	3	13	5	12	1	12	1
53995	3	14	6	13	1.25	13	1.25
58067	3	15	7	14	1.5	14	1.5
62142	3	16	8	15	1.75	15	1.75
